{"1": 1.0273942941380514, "2": 1.0273942941380514, "3": 1.0273942941380514, "4": 1.0273942941380514, "5": 1.0273942941380514, "6": 1.0273942941380514, "7": 1.0273942941380514, "8": 1.0273942941380514, "9": 1.0273942941380514, "10": 1.0273942941380514, "11": 1.0273942941380514, "12": 1.0273942941380514, "14": 1.0273942941380514, "15": 1.0273942941380514, "16": 1.0273942941380514, "17": 1.0273942941380514, "18": 1.0273942941380514, "19": 1.0273942941380514, "20": 1.0273942941380514, "21": 1.0273942941380514, "22": 1.0273942941380514, "23": 1.0273942941380514, "24": 1.0273942941380514, "25": 1.0273942941380514, "26": 1.0273942941380514, "27": 1.0273942941380514, "28": 1.0273942941380514, "29": 1.0273942941380514, "30": 1.0273942941380514, "31": 1.0273942941380514, "13": 0.1781711758584809}